feature,importancia,features,classificador
rms,0.4158,tempo,random_forest
curtose,0.1143,tempo,random_forest
fator_crista,0.0523,tempo,random_forest
assimetria,0.0580,tempo,random_forest
pico,0.3596,tempo,random_forest
env_bpfo,0.3586,envelope,random_forest
env_bpfi,0.3996,envelope,random_forest
env_bsf,0.2417,envelope,random_forest
rms,0.3043,tempo+envelope,random_forest
curtose,0.1009,tempo+envelope,random_forest
fator_crista,0.0464,tempo+envelope,random_forest
assimetria,0.0391,tempo+envelope,random_forest
pico,0.2742,tempo+envelope,random_forest
env_bpfo,0.1054,tempo+envelope,random_forest
env_bpfi,0.0948,tempo+envelope,random_forest
env_bsf,0.0348,tempo+envelope,random_forest
curtose,0.2228,forma,random_forest
fator_crista,0.1218,forma,random_forest
assimetria,0.0930,forma,random_forest
env_bpfo,0.2267,forma,random_forest
env_bpfi,0.2227,forma,random_forest
env_bsf,0.1130,forma,random_forest
