registro,janela,verdadeira,diametro_pol,posicao_or_h,carga_hp,predita,features,classificador
172,0,IR,0.014,,3,B,tempo,Random Forest
172,12,IR,0.014,,3,B,tempo,Random Forest
172,13,IR,0.014,,3,B,tempo,Random Forest
172,14,IR,0.014,,3,B,tempo,Random Forest
172,15,IR,0.014,,3,B,tempo,Random Forest
172,23,IR,0.014,,3,B,tempo,Random Forest
172,26,IR,0.014,,3,B,tempo,Random Forest
172,29,IR,0.014,,3,B,tempo,Random Forest
172,30,IR,0.014,,3,B,tempo,Random Forest
172,33,IR,0.014,,3,B,tempo,Random Forest
172,40,IR,0.014,,3,B,tempo,Random Forest
172,49,IR,0.014,,3,B,tempo,Random Forest
172,50,IR,0.014,,3,B,tempo,Random Forest
172,51,IR,0.014,,3,B,tempo,Random Forest
172,52,IR,0.014,,3,B,tempo,Random Forest
172,53,IR,0.014,,3,B,tempo,Random Forest
188,13,B,0.014,,3,IR,tempo,Random Forest
188,14,B,0.014,,3,IR,tempo,Random Forest
188,31,B,0.014,,3,IR,tempo,Random Forest
188,32,B,0.014,,3,IR,tempo,Random Forest
188,57,B,0.014,,3,OR,tempo,Random Forest
200,7,OR,0.014,6,3,B,tempo,Random Forest
200,8,OR,0.014,6,3,B,tempo,Random Forest
200,13,OR,0.014,6,3,B,tempo,Random Forest
200,14,OR,0.014,6,3,B,tempo,Random Forest
200,15,OR,0.014,6,3,B,tempo,Random Forest
200,16,OR,0.014,6,3,B,tempo,Random Forest
200,24,OR,0.014,6,3,B,tempo,Random Forest
200,25,OR,0.014,6,3,B,tempo,Random Forest
200,26,OR,0.014,6,3,B,tempo,Random Forest
200,35,OR,0.014,6,3,B,tempo,Random Forest
200,36,OR,0.014,6,3,B,tempo,Random Forest
200,38,OR,0.014,6,3,B,tempo,Random Forest
200,39,OR,0.014,6,3,B,tempo,Random Forest
200,43,OR,0.014,6,3,B,tempo,Random Forest
200,44,OR,0.014,6,3,B,tempo,Random Forest
200,45,OR,0.014,6,3,B,tempo,Random Forest
200,52,OR,0.014,6,3,B,tempo,Random Forest
200,53,OR,0.014,6,3,B,tempo,Random Forest
108,6,IR,0.007,,3,B,tempo,SVM (RBF)
108,24,IR,0.007,,3,B,tempo,SVM (RBF)
108,26,IR,0.007,,3,B,tempo,SVM (RBF)
108,47,IR,0.007,,3,B,tempo,SVM (RBF)
172,0,IR,0.014,,3,B,tempo,SVM (RBF)
172,1,IR,0.014,,3,B,tempo,SVM (RBF)
172,3,IR,0.014,,3,B,tempo,SVM (RBF)
172,13,IR,0.014,,3,B,tempo,SVM (RBF)
172,14,IR,0.014,,3,B,tempo,SVM (RBF)
172,15,IR,0.014,,3,B,tempo,SVM (RBF)
172,16,IR,0.014,,3,B,tempo,SVM (RBF)
172,30,IR,0.014,,3,B,tempo,SVM (RBF)
172,32,IR,0.014,,3,B,tempo,SVM (RBF)
172,33,IR,0.014,,3,B,tempo,SVM (RBF)
172,40,IR,0.014,,3,B,tempo,SVM (RBF)
172,50,IR,0.014,,3,B,tempo,SVM (RBF)
172,51,IR,0.014,,3,B,tempo,SVM (RBF)
172,53,IR,0.014,,3,B,tempo,SVM (RBF)
188,13,B,0.014,,3,IR,tempo,SVM (RBF)
188,14,B,0.014,,3,IR,tempo,SVM (RBF)
188,31,B,0.014,,3,IR,tempo,SVM (RBF)
188,32,B,0.014,,3,IR,tempo,SVM (RBF)
188,56,B,0.014,,3,OR,tempo,SVM (RBF)
188,57,B,0.014,,3,OR,tempo,SVM (RBF)
200,7,OR,0.014,6,3,B,tempo,SVM (RBF)
200,8,OR,0.014,6,3,B,tempo,SVM (RBF)
200,13,OR,0.014,6,3,B,tempo,SVM (RBF)
200,14,OR,0.014,6,3,B,tempo,SVM (RBF)
200,15,OR,0.014,6,3,B,tempo,SVM (RBF)
200,16,OR,0.014,6,3,B,tempo,SVM (RBF)
200,24,OR,0.014,6,3,B,tempo,SVM (RBF)
200,25,OR,0.014,6,3,B,tempo,SVM (RBF)
200,26,OR,0.014,6,3,B,tempo,SVM (RBF)
200,35,OR,0.014,6,3,B,tempo,SVM (RBF)
200,36,OR,0.014,6,3,B,tempo,SVM (RBF)
200,38,OR,0.014,6,3,B,tempo,SVM (RBF)
200,39,OR,0.014,6,3,B,tempo,SVM (RBF)
200,43,OR,0.014,6,3,B,tempo,SVM (RBF)
200,44,OR,0.014,6,3,B,tempo,SVM (RBF)
200,45,OR,0.014,6,3,B,tempo,SVM (RBF)
200,52,OR,0.014,6,3,B,tempo,SVM (RBF)
200,53,OR,0.014,6,3,B,tempo,SVM (RBF)
100,0,normal,,,3,OR,envelope,Random Forest
100,1,normal,,,3,OR,envelope,Random Forest
100,2,normal,,,3,OR,envelope,Random Forest
100,3,normal,,,3,OR,envelope,Random Forest
100,4,normal,,,3,B,envelope,Random Forest
100,5,normal,,,3,B,envelope,Random Forest
100,6,normal,,,3,B,envelope,Random Forest
100,7,normal,,,3,B,envelope,Random Forest
100,8,normal,,,3,B,envelope,Random Forest
100,9,normal,,,3,B,envelope,Random Forest
100,10,normal,,,3,B,envelope,Random Forest
100,11,normal,,,3,B,envelope,Random Forest
100,12,normal,,,3,B,envelope,Random Forest
100,13,normal,,,3,B,envelope,Random Forest
100,14,normal,,,3,OR,envelope,Random Forest
100,15,normal,,,3,B,envelope,Random Forest
100,16,normal,,,3,B,envelope,Random Forest
100,17,normal,,,3,B,envelope,Random Forest
100,18,normal,,,3,B,envelope,Random Forest
100,19,normal,,,3,B,envelope,Random Forest
100,20,normal,,,3,B,envelope,Random Forest
100,21,normal,,,3,OR,envelope,Random Forest
100,22,normal,,,3,B,envelope,Random Forest
100,23,normal,,,3,B,envelope,Random Forest
100,24,normal,,,3,B,envelope,Random Forest
100,25,normal,,,3,B,envelope,Random Forest
100,26,normal,,,3,B,envelope,Random Forest
100,27,normal,,,3,B,envelope,Random Forest
100,28,normal,,,3,B,envelope,Random Forest
100,29,normal,,,3,B,envelope,Random Forest
100,30,normal,,,3,OR,envelope,Random Forest
100,31,normal,,,3,OR,envelope,Random Forest
100,32,normal,,,3,OR,envelope,Random Forest
100,33,normal,,,3,B,envelope,Random Forest
100,34,normal,,,3,OR,envelope,Random Forest
100,35,normal,,,3,B,envelope,Random Forest
100,36,normal,,,3,B,envelope,Random Forest
100,37,normal,,,3,OR,envelope,Random Forest
100,38,normal,,,3,B,envelope,Random Forest
100,39,normal,,,3,OR,envelope,Random Forest
100,40,normal,,,3,OR,envelope,Random Forest
100,41,normal,,,3,B,envelope,Random Forest
100,42,normal,,,3,B,envelope,Random Forest
100,43,normal,,,3,OR,envelope,Random Forest
100,44,normal,,,3,B,envelope,Random Forest
100,45,normal,,,3,B,envelope,Random Forest
100,46,normal,,,3,B,envelope,Random Forest
100,47,normal,,,3,B,envelope,Random Forest
100,48,normal,,,3,B,envelope,Random Forest
100,49,normal,,,3,B,envelope,Random Forest
100,50,normal,,,3,OR,envelope,Random Forest
100,51,normal,,,3,OR,envelope,Random Forest
100,52,normal,,,3,B,envelope,Random Forest
100,53,normal,,,3,B,envelope,Random Forest
100,54,normal,,,3,B,envelope,Random Forest
100,55,normal,,,3,B,envelope,Random Forest
100,56,normal,,,3,B,envelope,Random Forest
100,57,normal,,,3,B,envelope,Random Forest
121,0,B,0.007,,3,OR,envelope,Random Forest
121,2,B,0.007,,3,OR,envelope,Random Forest
121,3,B,0.007,,3,normal,envelope,Random Forest
121,6,B,0.007,,3,OR,envelope,Random Forest
121,9,B,0.007,,3,OR,envelope,Random Forest
121,10,B,0.007,,3,OR,envelope,Random Forest
121,11,B,0.007,,3,OR,envelope,Random Forest
121,13,B,0.007,,3,OR,envelope,Random Forest
121,16,B,0.007,,3,OR,envelope,Random Forest
121,21,B,0.007,,3,OR,envelope,Random Forest
121,22,B,0.007,,3,IR,envelope,Random Forest
121,27,B,0.007,,3,OR,envelope,Random Forest
121,30,B,0.007,,3,OR,envelope,Random Forest
121,31,B,0.007,,3,OR,envelope,Random Forest
121,32,B,0.007,,3,OR,envelope,Random Forest
121,33,B,0.007,,3,OR,envelope,Random Forest
121,34,B,0.007,,3,OR,envelope,Random Forest
121,35,B,0.007,,3,OR,envelope,Random Forest
121,39,B,0.007,,3,OR,envelope,Random Forest
121,40,B,0.007,,3,OR,envelope,Random Forest
121,41,B,0.007,,3,OR,envelope,Random Forest
121,53,B,0.007,,3,OR,envelope,Random Forest
121,54,B,0.007,,3,OR,envelope,Random Forest
121,57,B,0.007,,3,OR,envelope,Random Forest
172,7,IR,0.014,,3,B,envelope,Random Forest
172,8,IR,0.014,,3,B,envelope,Random Forest
172,19,IR,0.014,,3,OR,envelope,Random Forest
172,20,IR,0.014,,3,OR,envelope,Random Forest
172,21,IR,0.014,,3,B,envelope,Random Forest
172,34,IR,0.014,,3,B,envelope,Random Forest
172,41,IR,0.014,,3,B,envelope,Random Forest
172,45,IR,0.014,,3,B,envelope,Random Forest
172,46,IR,0.014,,3,OR,envelope,Random Forest
172,47,IR,0.014,,3,B,envelope,Random Forest
172,48,IR,0.014,,3,OR,envelope,Random Forest
188,2,B,0.014,,3,OR,envelope,Random Forest
188,9,B,0.014,,3,OR,envelope,Random Forest
188,20,B,0.014,,3,normal,envelope,Random Forest
188,26,B,0.014,,3,OR,envelope,Random Forest
188,32,B,0.014,,3,normal,envelope,Random Forest
188,34,B,0.014,,3,normal,envelope,Random Forest
188,37,B,0.014,,3,normal,envelope,Random Forest
188,43,B,0.014,,3,normal,envelope,Random Forest
188,48,B,0.014,,3,normal,envelope,Random Forest
188,49,B,0.014,,3,normal,envelope,Random Forest
188,56,B,0.014,,3,normal,envelope,Random Forest
200,0,OR,0.014,6,3,B,envelope,Random Forest
200,1,OR,0.014,6,3,IR,envelope,Random Forest
200,2,OR,0.014,6,3,B,envelope,Random Forest
200,3,OR,0.014,6,3,normal,envelope,Random Forest
200,5,OR,0.014,6,3,B,envelope,Random Forest
200,6,OR,0.014,6,3,B,envelope,Random Forest
200,7,OR,0.014,6,3,B,envelope,Random Forest
200,10,OR,0.014,6,3,B,envelope,Random Forest
200,11,OR,0.014,6,3,B,envelope,Random Forest
200,13,OR,0.014,6,3,B,envelope,Random Forest
200,14,OR,0.014,6,3,normal,envelope,Random Forest
200,16,OR,0.014,6,3,B,envelope,Random Forest
200,17,OR,0.014,6,3,B,envelope,Random Forest
200,18,OR,0.014,6,3,B,envelope,Random Forest
200,19,OR,0.014,6,3,normal,envelope,Random Forest
200,20,OR,0.014,6,3,normal,envelope,Random Forest
200,22,OR,0.014,6,3,B,envelope,Random Forest
200,23,OR,0.014,6,3,B,envelope,Random Forest
200,24,OR,0.014,6,3,B,envelope,Random Forest
200,25,OR,0.014,6,3,B,envelope,Random Forest
200,26,OR,0.014,6,3,B,envelope,Random Forest
200,27,OR,0.014,6,3,normal,envelope,Random Forest
200,28,OR,0.014,6,3,B,envelope,Random Forest
200,29,OR,0.014,6,3,B,envelope,Random Forest
200,32,OR,0.014,6,3,B,envelope,Random Forest
200,34,OR,0.014,6,3,B,envelope,Random Forest
200,35,OR,0.014,6,3,B,envelope,Random Forest
200,38,OR,0.014,6,3,normal,envelope,Random Forest
200,39,OR,0.014,6,3,B,envelope,Random Forest
200,40,OR,0.014,6,3,normal,envelope,Random Forest
200,41,OR,0.014,6,3,normal,envelope,Random Forest
200,42,OR,0.014,6,3,B,envelope,Random Forest
200,43,OR,0.014,6,3,B,envelope,Random Forest
200,44,OR,0.014,6,3,B,envelope,Random Forest
200,45,OR,0.014,6,3,B,envelope,Random Forest
200,46,OR,0.014,6,3,B,envelope,Random Forest
200,47,OR,0.014,6,3,B,envelope,Random Forest
200,48,OR,0.014,6,3,B,envelope,Random Forest
200,49,OR,0.014,6,3,B,envelope,Random Forest
200,50,OR,0.014,6,3,normal,envelope,Random Forest
200,51,OR,0.014,6,3,B,envelope,Random Forest
200,53,OR,0.014,6,3,B,envelope,Random Forest
200,54,OR,0.014,6,3,B,envelope,Random Forest
200,55,OR,0.014,6,3,normal,envelope,Random Forest
200,56,OR,0.014,6,3,normal,envelope,Random Forest
200,57,OR,0.014,6,3,B,envelope,Random Forest
225,0,B,0.021,,3,IR,envelope,Random Forest
225,3,B,0.021,,3,IR,envelope,Random Forest
225,4,B,0.021,,3,IR,envelope,Random Forest
225,5,B,0.021,,3,IR,envelope,Random Forest
225,8,B,0.021,,3,IR,envelope,Random Forest
225,9,B,0.021,,3,OR,envelope,Random Forest
225,10,B,0.021,,3,IR,envelope,Random Forest
225,11,B,0.021,,3,IR,envelope,Random Forest
225,13,B,0.021,,3,OR,envelope,Random Forest
225,14,B,0.021,,3,IR,envelope,Random Forest
225,15,B,0.021,,3,IR,envelope,Random Forest
225,16,B,0.021,,3,IR,envelope,Random Forest
225,17,B,0.021,,3,IR,envelope,Random Forest
225,18,B,0.021,,3,IR,envelope,Random Forest
225,24,B,0.021,,3,IR,envelope,Random Forest
225,26,B,0.021,,3,OR,envelope,Random Forest
225,27,B,0.021,,3,IR,envelope,Random Forest
225,28,B,0.021,,3,OR,envelope,Random Forest
225,34,B,0.021,,3,OR,envelope,Random Forest
225,35,B,0.021,,3,IR,envelope,Random Forest
225,40,B,0.021,,3,IR,envelope,Random Forest
225,45,B,0.021,,3,OR,envelope,Random Forest
225,47,B,0.021,,3,OR,envelope,Random Forest
225,52,B,0.021,,3,IR,envelope,Random Forest
225,56,B,0.021,,3,IR,envelope,Random Forest
225,57,B,0.021,,3,IR,envelope,Random Forest
237,7,OR,0.021,6,3,B,envelope,Random Forest
237,8,OR,0.021,6,3,B,envelope,Random Forest
237,16,OR,0.021,6,3,B,envelope,Random Forest
237,17,OR,0.021,6,3,B,envelope,Random Forest
237,25,OR,0.021,6,3,B,envelope,Random Forest
237,35,OR,0.021,6,3,B,envelope,Random Forest
237,38,OR,0.021,6,3,B,envelope,Random Forest
237,41,OR,0.021,6,3,B,envelope,Random Forest
237,43,OR,0.021,6,3,B,envelope,Random Forest
237,44,OR,0.021,6,3,B,envelope,Random Forest
237,54,OR,0.021,6,3,B,envelope,Random Forest
237,57,OR,0.021,6,3,B,envelope,Random Forest
100,0,normal,,,3,OR,envelope,SVM (RBF)
100,1,normal,,,3,B,envelope,SVM (RBF)
100,2,normal,,,3,B,envelope,SVM (RBF)
100,3,normal,,,3,OR,envelope,SVM (RBF)
100,4,normal,,,3,B,envelope,SVM (RBF)
100,5,normal,,,3,B,envelope,SVM (RBF)
100,6,normal,,,3,B,envelope,SVM (RBF)
100,7,normal,,,3,B,envelope,SVM (RBF)
100,9,normal,,,3,B,envelope,SVM (RBF)
100,10,normal,,,3,B,envelope,SVM (RBF)
100,11,normal,,,3,B,envelope,SVM (RBF)
100,12,normal,,,3,B,envelope,SVM (RBF)
100,13,normal,,,3,B,envelope,SVM (RBF)
100,14,normal,,,3,B,envelope,SVM (RBF)
100,15,normal,,,3,B,envelope,SVM (RBF)
100,16,normal,,,3,B,envelope,SVM (RBF)
100,17,normal,,,3,B,envelope,SVM (RBF)
100,18,normal,,,3,B,envelope,SVM (RBF)
100,19,normal,,,3,B,envelope,SVM (RBF)
100,20,normal,,,3,B,envelope,SVM (RBF)
100,21,normal,,,3,B,envelope,SVM (RBF)
100,22,normal,,,3,B,envelope,SVM (RBF)
100,23,normal,,,3,OR,envelope,SVM (RBF)
100,24,normal,,,3,B,envelope,SVM (RBF)
100,25,normal,,,3,B,envelope,SVM (RBF)
100,26,normal,,,3,B,envelope,SVM (RBF)
100,27,normal,,,3,B,envelope,SVM (RBF)
100,28,normal,,,3,B,envelope,SVM (RBF)
100,29,normal,,,3,B,envelope,SVM (RBF)
100,30,normal,,,3,B,envelope,SVM (RBF)
100,31,normal,,,3,OR,envelope,SVM (RBF)
100,32,normal,,,3,B,envelope,SVM (RBF)
100,33,normal,,,3,B,envelope,SVM (RBF)
100,34,normal,,,3,B,envelope,SVM (RBF)
100,35,normal,,,3,B,envelope,SVM (RBF)
100,36,normal,,,3,B,envelope,SVM (RBF)
100,37,normal,,,3,OR,envelope,SVM (RBF)
100,38,normal,,,3,B,envelope,SVM (RBF)
100,39,normal,,,3,OR,envelope,SVM (RBF)
100,41,normal,,,3,B,envelope,SVM (RBF)
100,42,normal,,,3,B,envelope,SVM (RBF)
100,43,normal,,,3,B,envelope,SVM (RBF)
100,44,normal,,,3,B,envelope,SVM (RBF)
100,45,normal,,,3,B,envelope,SVM (RBF)
100,47,normal,,,3,B,envelope,SVM (RBF)
100,48,normal,,,3,B,envelope,SVM (RBF)
100,49,normal,,,3,B,envelope,SVM (RBF)
100,50,normal,,,3,B,envelope,SVM (RBF)
100,51,normal,,,3,B,envelope,SVM (RBF)
100,52,normal,,,3,B,envelope,SVM (RBF)
100,53,normal,,,3,B,envelope,SVM (RBF)
100,54,normal,,,3,B,envelope,SVM (RBF)
100,55,normal,,,3,B,envelope,SVM (RBF)
100,56,normal,,,3,B,envelope,SVM (RBF)
100,57,normal,,,3,B,envelope,SVM (RBF)
121,0,B,0.007,,3,OR,envelope,SVM (RBF)
121,3,B,0.007,,3,normal,envelope,SVM (RBF)
121,5,B,0.007,,3,normal,envelope,SVM (RBF)
121,9,B,0.007,,3,OR,envelope,SVM (RBF)
121,15,B,0.007,,3,normal,envelope,SVM (RBF)
121,16,B,0.007,,3,OR,envelope,SVM (RBF)
121,21,B,0.007,,3,OR,envelope,SVM (RBF)
121,22,B,0.007,,3,IR,envelope,SVM (RBF)
121,23,B,0.007,,3,OR,envelope,SVM (RBF)
121,27,B,0.007,,3,OR,envelope,SVM (RBF)
121,30,B,0.007,,3,OR,envelope,SVM (RBF)
121,31,B,0.007,,3,OR,envelope,SVM (RBF)
121,33,B,0.007,,3,OR,envelope,SVM (RBF)
121,34,B,0.007,,3,OR,envelope,SVM (RBF)
121,41,B,0.007,,3,OR,envelope,SVM (RBF)
121,47,B,0.007,,3,normal,envelope,SVM (RBF)
121,56,B,0.007,,3,normal,envelope,SVM (RBF)
172,19,IR,0.014,,3,OR,envelope,SVM (RBF)
172,21,IR,0.014,,3,OR,envelope,SVM (RBF)
172,34,IR,0.014,,3,OR,envelope,SVM (RBF)
172,45,IR,0.014,,3,OR,envelope,SVM (RBF)
172,47,IR,0.014,,3,B,envelope,SVM (RBF)
172,48,IR,0.014,,3,OR,envelope,SVM (RBF)
188,3,B,0.014,,3,normal,envelope,SVM (RBF)
188,5,B,0.014,,3,normal,envelope,SVM (RBF)
188,10,B,0.014,,3,normal,envelope,SVM (RBF)
188,11,B,0.014,,3,normal,envelope,SVM (RBF)
188,17,B,0.014,,3,normal,envelope,SVM (RBF)
188,18,B,0.014,,3,normal,envelope,SVM (RBF)
188,20,B,0.014,,3,normal,envelope,SVM (RBF)
188,24,B,0.014,,3,normal,envelope,SVM (RBF)
188,25,B,0.014,,3,normal,envelope,SVM (RBF)
188,28,B,0.014,,3,normal,envelope,SVM (RBF)
188,31,B,0.014,,3,normal,envelope,SVM (RBF)
188,32,B,0.014,,3,normal,envelope,SVM (RBF)
188,34,B,0.014,,3,normal,envelope,SVM (RBF)
188,36,B,0.014,,3,normal,envelope,SVM (RBF)
188,37,B,0.014,,3,normal,envelope,SVM (RBF)
188,38,B,0.014,,3,normal,envelope,SVM (RBF)
188,39,B,0.014,,3,normal,envelope,SVM (RBF)
188,43,B,0.014,,3,normal,envelope,SVM (RBF)
188,44,B,0.014,,3,normal,envelope,SVM (RBF)
188,46,B,0.014,,3,normal,envelope,SVM (RBF)
188,48,B,0.014,,3,normal,envelope,SVM (RBF)
188,49,B,0.014,,3,normal,envelope,SVM (RBF)
188,51,B,0.014,,3,normal,envelope,SVM (RBF)
188,53,B,0.014,,3,normal,envelope,SVM (RBF)
188,54,B,0.014,,3,normal,envelope,SVM (RBF)
188,55,B,0.014,,3,normal,envelope,SVM (RBF)
188,56,B,0.014,,3,normal,envelope,SVM (RBF)
188,57,B,0.014,,3,normal,envelope,SVM (RBF)
200,0,OR,0.014,6,3,B,envelope,SVM (RBF)
200,2,OR,0.014,6,3,normal,envelope,SVM (RBF)
200,3,OR,0.014,6,3,normal,envelope,SVM (RBF)
200,4,OR,0.014,6,3,normal,envelope,SVM (RBF)
200,5,OR,0.014,6,3,B,envelope,SVM (RBF)
200,6,OR,0.014,6,3,B,envelope,SVM (RBF)
200,9,OR,0.014,6,3,B,envelope,SVM (RBF)
200,13,OR,0.014,6,3,B,envelope,SVM (RBF)
200,14,OR,0.014,6,3,normal,envelope,SVM (RBF)
200,15,OR,0.014,6,3,B,envelope,SVM (RBF)
200,16,OR,0.014,6,3,B,envelope,SVM (RBF)
200,17,OR,0.014,6,3,normal,envelope,SVM (RBF)
200,18,OR,0.014,6,3,normal,envelope,SVM (RBF)
200,19,OR,0.014,6,3,normal,envelope,SVM (RBF)
200,20,OR,0.014,6,3,normal,envelope,SVM (RBF)
200,22,OR,0.014,6,3,B,envelope,SVM (RBF)
200,23,OR,0.014,6,3,IR,envelope,SVM (RBF)
200,24,OR,0.014,6,3,B,envelope,SVM (RBF)
200,25,OR,0.014,6,3,B,envelope,SVM (RBF)
200,26,OR,0.014,6,3,B,envelope,SVM (RBF)
200,27,OR,0.014,6,3,B,envelope,SVM (RBF)
200,28,OR,0.014,6,3,B,envelope,SVM (RBF)
200,29,OR,0.014,6,3,B,envelope,SVM (RBF)
200,30,OR,0.014,6,3,B,envelope,SVM (RBF)
200,32,OR,0.014,6,3,B,envelope,SVM (RBF)
200,33,OR,0.014,6,3,normal,envelope,SVM (RBF)
200,34,OR,0.014,6,3,B,envelope,SVM (RBF)
200,35,OR,0.014,6,3,B,envelope,SVM (RBF)
200,36,OR,0.014,6,3,B,envelope,SVM (RBF)
200,38,OR,0.014,6,3,normal,envelope,SVM (RBF)
200,39,OR,0.014,6,3,B,envelope,SVM (RBF)
200,40,OR,0.014,6,3,normal,envelope,SVM (RBF)
200,41,OR,0.014,6,3,normal,envelope,SVM (RBF)
200,42,OR,0.014,6,3,B,envelope,SVM (RBF)
200,43,OR,0.014,6,3,B,envelope,SVM (RBF)
200,44,OR,0.014,6,3,B,envelope,SVM (RBF)
200,45,OR,0.014,6,3,B,envelope,SVM (RBF)
200,46,OR,0.014,6,3,normal,envelope,SVM (RBF)
200,47,OR,0.014,6,3,normal,envelope,SVM (RBF)
200,48,OR,0.014,6,3,B,envelope,SVM (RBF)
200,49,OR,0.014,6,3,B,envelope,SVM (RBF)
200,50,OR,0.014,6,3,normal,envelope,SVM (RBF)
200,51,OR,0.014,6,3,normal,envelope,SVM (RBF)
200,53,OR,0.014,6,3,B,envelope,SVM (RBF)
200,54,OR,0.014,6,3,B,envelope,SVM (RBF)
200,55,OR,0.014,6,3,normal,envelope,SVM (RBF)
200,56,OR,0.014,6,3,normal,envelope,SVM (RBF)
200,57,OR,0.014,6,3,B,envelope,SVM (RBF)
225,0,B,0.021,,3,IR,envelope,SVM (RBF)
225,3,B,0.021,,3,IR,envelope,SVM (RBF)
225,4,B,0.021,,3,IR,envelope,SVM (RBF)
225,8,B,0.021,,3,IR,envelope,SVM (RBF)
225,9,B,0.021,,3,OR,envelope,SVM (RBF)
225,10,B,0.021,,3,IR,envelope,SVM (RBF)
225,11,B,0.021,,3,IR,envelope,SVM (RBF)
225,15,B,0.021,,3,IR,envelope,SVM (RBF)
225,16,B,0.021,,3,IR,envelope,SVM (RBF)
225,17,B,0.021,,3,IR,envelope,SVM (RBF)
225,18,B,0.021,,3,IR,envelope,SVM (RBF)
225,24,B,0.021,,3,IR,envelope,SVM (RBF)
225,26,B,0.021,,3,OR,envelope,SVM (RBF)
225,27,B,0.021,,3,IR,envelope,SVM (RBF)
225,33,B,0.021,,3,IR,envelope,SVM (RBF)
225,34,B,0.021,,3,OR,envelope,SVM (RBF)
225,38,B,0.021,,3,OR,envelope,SVM (RBF)
225,40,B,0.021,,3,IR,envelope,SVM (RBF)
225,45,B,0.021,,3,OR,envelope,SVM (RBF)
225,46,B,0.021,,3,OR,envelope,SVM (RBF)
225,47,B,0.021,,3,OR,envelope,SVM (RBF)
225,52,B,0.021,,3,normal,envelope,SVM (RBF)
225,56,B,0.021,,3,IR,envelope,SVM (RBF)
225,57,B,0.021,,3,IR,envelope,SVM (RBF)
237,7,OR,0.021,6,3,B,envelope,SVM (RBF)
237,8,OR,0.021,6,3,B,envelope,SVM (RBF)
237,16,OR,0.021,6,3,B,envelope,SVM (RBF)
237,17,OR,0.021,6,3,B,envelope,SVM (RBF)
237,18,OR,0.021,6,3,B,envelope,SVM (RBF)
237,25,OR,0.021,6,3,B,envelope,SVM (RBF)
237,35,OR,0.021,6,3,B,envelope,SVM (RBF)
237,38,OR,0.021,6,3,B,envelope,SVM (RBF)
237,41,OR,0.021,6,3,B,envelope,SVM (RBF)
237,43,OR,0.021,6,3,B,envelope,SVM (RBF)
237,44,OR,0.021,6,3,B,envelope,SVM (RBF)
237,54,OR,0.021,6,3,B,envelope,SVM (RBF)
237,57,OR,0.021,6,3,B,envelope,SVM (RBF)
172,8,IR,0.014,,3,B,tempo+envelope,Random Forest
172,20,IR,0.014,,3,B,tempo+envelope,Random Forest
172,21,IR,0.014,,3,B,tempo+envelope,Random Forest
172,45,IR,0.014,,3,B,tempo+envelope,Random Forest
188,57,B,0.014,,3,OR,tempo+envelope,Random Forest
200,5,OR,0.014,6,3,B,tempo+envelope,Random Forest
200,7,OR,0.014,6,3,B,tempo+envelope,Random Forest
200,8,OR,0.014,6,3,B,tempo+envelope,Random Forest
200,13,OR,0.014,6,3,B,tempo+envelope,Random Forest
200,14,OR,0.014,6,3,B,tempo+envelope,Random Forest
200,15,OR,0.014,6,3,B,tempo+envelope,Random Forest
200,16,OR,0.014,6,3,B,tempo+envelope,Random Forest
200,24,OR,0.014,6,3,B,tempo+envelope,Random Forest
200,25,OR,0.014,6,3,B,tempo+envelope,Random Forest
200,26,OR,0.014,6,3,B,tempo+envelope,Random Forest
200,35,OR,0.014,6,3,B,tempo+envelope,Random Forest
200,36,OR,0.014,6,3,B,tempo+envelope,Random Forest
200,38,OR,0.014,6,3,B,tempo+envelope,Random Forest
200,39,OR,0.014,6,3,B,tempo+envelope,Random Forest
200,43,OR,0.014,6,3,B,tempo+envelope,Random Forest
200,44,OR,0.014,6,3,B,tempo+envelope,Random Forest
200,45,OR,0.014,6,3,B,tempo+envelope,Random Forest
200,52,OR,0.014,6,3,B,tempo+envelope,Random Forest
200,53,OR,0.014,6,3,B,tempo+envelope,Random Forest
200,54,OR,0.014,6,3,B,tempo+envelope,Random Forest
172,45,IR,0.014,,3,B,tempo+envelope,SVM (RBF)
188,47,B,0.014,,3,OR,tempo+envelope,SVM (RBF)
188,48,B,0.014,,3,OR,tempo+envelope,SVM (RBF)
188,52,B,0.014,,3,OR,tempo+envelope,SVM (RBF)
188,56,B,0.014,,3,OR,tempo+envelope,SVM (RBF)
188,57,B,0.014,,3,normal,tempo+envelope,SVM (RBF)
200,7,OR,0.014,6,3,B,tempo+envelope,SVM (RBF)
200,8,OR,0.014,6,3,B,tempo+envelope,SVM (RBF)
200,13,OR,0.014,6,3,B,tempo+envelope,SVM (RBF)
200,14,OR,0.014,6,3,B,tempo+envelope,SVM (RBF)
200,15,OR,0.014,6,3,B,tempo+envelope,SVM (RBF)
200,16,OR,0.014,6,3,B,tempo+envelope,SVM (RBF)
200,23,OR,0.014,6,3,B,tempo+envelope,SVM (RBF)
200,24,OR,0.014,6,3,B,tempo+envelope,SVM (RBF)
200,25,OR,0.014,6,3,B,tempo+envelope,SVM (RBF)
200,26,OR,0.014,6,3,B,tempo+envelope,SVM (RBF)
200,30,OR,0.014,6,3,normal,tempo+envelope,SVM (RBF)
200,35,OR,0.014,6,3,B,tempo+envelope,SVM (RBF)
200,36,OR,0.014,6,3,B,tempo+envelope,SVM (RBF)
200,38,OR,0.014,6,3,B,tempo+envelope,SVM (RBF)
200,43,OR,0.014,6,3,B,tempo+envelope,SVM (RBF)
200,44,OR,0.014,6,3,B,tempo+envelope,SVM (RBF)
200,45,OR,0.014,6,3,B,tempo+envelope,SVM (RBF)
200,52,OR,0.014,6,3,B,tempo+envelope,SVM (RBF)
200,53,OR,0.014,6,3,B,tempo+envelope,SVM (RBF)
200,56,OR,0.014,6,3,normal,tempo+envelope,SVM (RBF)
225,52,B,0.021,,3,OR,tempo+envelope,SVM (RBF)
237,20,OR,0.021,6,3,B,tempo+envelope,SVM (RBF)
237,21,OR,0.021,6,3,B,tempo+envelope,SVM (RBF)
100,0,normal,,,3,OR,forma,Random Forest
100,1,normal,,,3,B,forma,Random Forest
100,2,normal,,,3,B,forma,Random Forest
100,3,normal,,,3,B,forma,Random Forest
100,4,normal,,,3,B,forma,Random Forest
100,5,normal,,,3,B,forma,Random Forest
100,7,normal,,,3,B,forma,Random Forest
100,9,normal,,,3,OR,forma,Random Forest
100,10,normal,,,3,OR,forma,Random Forest
100,11,normal,,,3,B,forma,Random Forest
100,12,normal,,,3,B,forma,Random Forest
100,13,normal,,,3,B,forma,Random Forest
100,14,normal,,,3,B,forma,Random Forest
100,15,normal,,,3,B,forma,Random Forest
100,16,normal,,,3,B,forma,Random Forest
100,17,normal,,,3,B,forma,Random Forest
100,18,normal,,,3,B,forma,Random Forest
100,19,normal,,,3,B,forma,Random Forest
100,20,normal,,,3,B,forma,Random Forest
100,21,normal,,,3,OR,forma,Random Forest
100,22,normal,,,3,B,forma,Random Forest
100,23,normal,,,3,B,forma,Random Forest
100,24,normal,,,3,B,forma,Random Forest
100,25,normal,,,3,OR,forma,Random Forest
100,26,normal,,,3,B,forma,Random Forest
100,27,normal,,,3,OR,forma,Random Forest
100,29,normal,,,3,B,forma,Random Forest
100,30,normal,,,3,B,forma,Random Forest
100,31,normal,,,3,B,forma,Random Forest
100,32,normal,,,3,B,forma,Random Forest
100,33,normal,,,3,B,forma,Random Forest
100,34,normal,,,3,B,forma,Random Forest
100,35,normal,,,3,B,forma,Random Forest
100,36,normal,,,3,B,forma,Random Forest
100,37,normal,,,3,B,forma,Random Forest
100,38,normal,,,3,OR,forma,Random Forest
100,39,normal,,,3,OR,forma,Random Forest
100,40,normal,,,3,OR,forma,Random Forest
100,41,normal,,,3,B,forma,Random Forest
100,42,normal,,,3,B,forma,Random Forest
100,43,normal,,,3,B,forma,Random Forest
100,44,normal,,,3,B,forma,Random Forest
100,45,normal,,,3,B,forma,Random Forest
100,47,normal,,,3,B,forma,Random Forest
100,48,normal,,,3,OR,forma,Random Forest
100,49,normal,,,3,B,forma,Random Forest
100,50,normal,,,3,OR,forma,Random Forest
100,51,normal,,,3,B,forma,Random Forest
100,52,normal,,,3,OR,forma,Random Forest
100,53,normal,,,3,B,forma,Random Forest
100,54,normal,,,3,OR,forma,Random Forest
100,55,normal,,,3,B,forma,Random Forest
100,56,normal,,,3,OR,forma,Random Forest
100,57,normal,,,3,B,forma,Random Forest
108,0,IR,0.007,,3,B,forma,Random Forest
108,1,IR,0.007,,3,B,forma,Random Forest
108,2,IR,0.007,,3,B,forma,Random Forest
108,3,IR,0.007,,3,B,forma,Random Forest
108,4,IR,0.007,,3,B,forma,Random Forest
108,5,IR,0.007,,3,B,forma,Random Forest
108,6,IR,0.007,,3,B,forma,Random Forest
108,7,IR,0.007,,3,B,forma,Random Forest
108,9,IR,0.007,,3,B,forma,Random Forest
108,10,IR,0.007,,3,B,forma,Random Forest
108,11,IR,0.007,,3,B,forma,Random Forest
108,12,IR,0.007,,3,B,forma,Random Forest
108,13,IR,0.007,,3,B,forma,Random Forest
108,14,IR,0.007,,3,B,forma,Random Forest
108,15,IR,0.007,,3,B,forma,Random Forest
108,17,IR,0.007,,3,B,forma,Random Forest
108,18,IR,0.007,,3,B,forma,Random Forest
108,19,IR,0.007,,3,B,forma,Random Forest
108,20,IR,0.007,,3,B,forma,Random Forest
108,21,IR,0.007,,3,B,forma,Random Forest
108,22,IR,0.007,,3,B,forma,Random Forest
108,23,IR,0.007,,3,B,forma,Random Forest
108,24,IR,0.007,,3,B,forma,Random Forest
108,25,IR,0.007,,3,B,forma,Random Forest
108,26,IR,0.007,,3,B,forma,Random Forest
108,27,IR,0.007,,3,B,forma,Random Forest
108,28,IR,0.007,,3,B,forma,Random Forest
108,30,IR,0.007,,3,B,forma,Random Forest
108,31,IR,0.007,,3,B,forma,Random Forest
108,32,IR,0.007,,3,B,forma,Random Forest
108,33,IR,0.007,,3,B,forma,Random Forest
108,35,IR,0.007,,3,B,forma,Random Forest
108,38,IR,0.007,,3,B,forma,Random Forest
108,39,IR,0.007,,3,B,forma,Random Forest
108,40,IR,0.007,,3,B,forma,Random Forest
108,41,IR,0.007,,3,B,forma,Random Forest
108,42,IR,0.007,,3,B,forma,Random Forest
108,47,IR,0.007,,3,B,forma,Random Forest
108,49,IR,0.007,,3,B,forma,Random Forest
108,50,IR,0.007,,3,B,forma,Random Forest
108,52,IR,0.007,,3,B,forma,Random Forest
108,53,IR,0.007,,3,B,forma,Random Forest
108,54,IR,0.007,,3,B,forma,Random Forest
108,55,IR,0.007,,3,B,forma,Random Forest
108,57,IR,0.007,,3,B,forma,Random Forest
108,58,IR,0.007,,3,B,forma,Random Forest
121,0,B,0.007,,3,OR,forma,Random Forest
121,3,B,0.007,,3,normal,forma,Random Forest
121,5,B,0.007,,3,normal,forma,Random Forest
121,6,B,0.007,,3,OR,forma,Random Forest
121,9,B,0.007,,3,OR,forma,Random Forest
121,10,B,0.007,,3,OR,forma,Random Forest
121,13,B,0.007,,3,OR,forma,Random Forest
121,16,B,0.007,,3,OR,forma,Random Forest
121,17,B,0.007,,3,OR,forma,Random Forest
121,18,B,0.007,,3,OR,forma,Random Forest
121,21,B,0.007,,3,OR,forma,Random Forest
121,22,B,0.007,,3,OR,forma,Random Forest
121,27,B,0.007,,3,OR,forma,Random Forest
121,30,B,0.007,,3,OR,forma,Random Forest
121,31,B,0.007,,3,OR,forma,Random Forest
121,33,B,0.007,,3,OR,forma,Random Forest
121,34,B,0.007,,3,OR,forma,Random Forest
121,37,B,0.007,,3,OR,forma,Random Forest
121,40,B,0.007,,3,OR,forma,Random Forest
121,41,B,0.007,,3,OR,forma,Random Forest
121,46,B,0.007,,3,OR,forma,Random Forest
121,47,B,0.007,,3,normal,forma,Random Forest
121,51,B,0.007,,3,normal,forma,Random Forest
121,53,B,0.007,,3,OR,forma,Random Forest
121,55,B,0.007,,3,OR,forma,Random Forest
121,57,B,0.007,,3,OR,forma,Random Forest
172,21,IR,0.014,,3,B,forma,Random Forest
172,34,IR,0.014,,3,B,forma,Random Forest
172,45,IR,0.014,,3,B,forma,Random Forest
188,57,B,0.014,,3,OR,forma,Random Forest
200,0,OR,0.014,6,3,B,forma,Random Forest
200,1,OR,0.014,6,3,B,forma,Random Forest
200,7,OR,0.014,6,3,B,forma,Random Forest
200,8,OR,0.014,6,3,B,forma,Random Forest
200,10,OR,0.014,6,3,B,forma,Random Forest
200,13,OR,0.014,6,3,B,forma,Random Forest
200,14,OR,0.014,6,3,B,forma,Random Forest
200,15,OR,0.014,6,3,B,forma,Random Forest
200,16,OR,0.014,6,3,B,forma,Random Forest
200,20,OR,0.014,6,3,B,forma,Random Forest
200,22,OR,0.014,6,3,B,forma,Random Forest
200,23,OR,0.014,6,3,B,forma,Random Forest
200,24,OR,0.014,6,3,B,forma,Random Forest
200,25,OR,0.014,6,3,B,forma,Random Forest
200,26,OR,0.014,6,3,B,forma,Random Forest
200,29,OR,0.014,6,3,B,forma,Random Forest
200,33,OR,0.014,6,3,normal,forma,Random Forest
200,34,OR,0.014,6,3,B,forma,Random Forest
200,35,OR,0.014,6,3,B,forma,Random Forest
200,36,OR,0.014,6,3,B,forma,Random Forest
200,38,OR,0.014,6,3,B,forma,Random Forest
200,39,OR,0.014,6,3,B,forma,Random Forest
200,40,OR,0.014,6,3,normal,forma,Random Forest
200,41,OR,0.014,6,3,normal,forma,Random Forest
200,42,OR,0.014,6,3,B,forma,Random Forest
200,43,OR,0.014,6,3,B,forma,Random Forest
200,44,OR,0.014,6,3,B,forma,Random Forest
200,45,OR,0.014,6,3,B,forma,Random Forest
200,46,OR,0.014,6,3,normal,forma,Random Forest
200,47,OR,0.014,6,3,B,forma,Random Forest
200,48,OR,0.014,6,3,B,forma,Random Forest
200,49,OR,0.014,6,3,normal,forma,Random Forest
200,50,OR,0.014,6,3,normal,forma,Random Forest
200,51,OR,0.014,6,3,normal,forma,Random Forest
200,52,OR,0.014,6,3,B,forma,Random Forest
200,53,OR,0.014,6,3,B,forma,Random Forest
200,54,OR,0.014,6,3,B,forma,Random Forest
200,55,OR,0.014,6,3,normal,forma,Random Forest
200,56,OR,0.014,6,3,normal,forma,Random Forest
200,57,OR,0.014,6,3,B,forma,Random Forest
225,0,B,0.021,,3,OR,forma,Random Forest
225,1,B,0.021,,3,OR,forma,Random Forest
225,2,B,0.021,,3,OR,forma,Random Forest
225,3,B,0.021,,3,OR,forma,Random Forest
225,4,B,0.021,,3,OR,forma,Random Forest
225,5,B,0.021,,3,OR,forma,Random Forest
225,8,B,0.021,,3,OR,forma,Random Forest
225,9,B,0.021,,3,OR,forma,Random Forest
225,10,B,0.021,,3,OR,forma,Random Forest
225,17,B,0.021,,3,OR,forma,Random Forest
225,18,B,0.021,,3,OR,forma,Random Forest
225,19,B,0.021,,3,OR,forma,Random Forest
225,20,B,0.021,,3,OR,forma,Random Forest
225,23,B,0.021,,3,OR,forma,Random Forest
225,24,B,0.021,,3,OR,forma,Random Forest
225,26,B,0.021,,3,OR,forma,Random Forest
225,27,B,0.021,,3,OR,forma,Random Forest
225,33,B,0.021,,3,OR,forma,Random Forest
225,34,B,0.021,,3,OR,forma,Random Forest
225,35,B,0.021,,3,OR,forma,Random Forest
225,42,B,0.021,,3,OR,forma,Random Forest
225,43,B,0.021,,3,OR,forma,Random Forest
225,46,B,0.021,,3,OR,forma,Random Forest
225,47,B,0.021,,3,OR,forma,Random Forest
225,48,B,0.021,,3,OR,forma,Random Forest
225,49,B,0.021,,3,OR,forma,Random Forest
225,50,B,0.021,,3,OR,forma,Random Forest
225,51,B,0.021,,3,OR,forma,Random Forest
225,52,B,0.021,,3,OR,forma,Random Forest
225,56,B,0.021,,3,OR,forma,Random Forest
225,57,B,0.021,,3,OR,forma,Random Forest
100,0,normal,,,3,B,forma,SVM (RBF)
100,1,normal,,,3,B,forma,SVM (RBF)
100,2,normal,,,3,B,forma,SVM (RBF)
100,3,normal,,,3,B,forma,SVM (RBF)
100,4,normal,,,3,B,forma,SVM (RBF)
100,7,normal,,,3,B,forma,SVM (RBF)
100,9,normal,,,3,B,forma,SVM (RBF)
100,11,normal,,,3,B,forma,SVM (RBF)
100,12,normal,,,3,B,forma,SVM (RBF)
100,13,normal,,,3,B,forma,SVM (RBF)
100,14,normal,,,3,B,forma,SVM (RBF)
100,15,normal,,,3,B,forma,SVM (RBF)
100,17,normal,,,3,B,forma,SVM (RBF)
100,18,normal,,,3,B,forma,SVM (RBF)
100,19,normal,,,3,B,forma,SVM (RBF)
100,21,normal,,,3,OR,forma,SVM (RBF)
100,22,normal,,,3,B,forma,SVM (RBF)
100,24,normal,,,3,B,forma,SVM (RBF)
100,25,normal,,,3,OR,forma,SVM (RBF)
100,26,normal,,,3,B,forma,SVM (RBF)
100,27,normal,,,3,OR,forma,SVM (RBF)
100,29,normal,,,3,B,forma,SVM (RBF)
100,30,normal,,,3,B,forma,SVM (RBF)
100,31,normal,,,3,B,forma,SVM (RBF)
100,32,normal,,,3,OR,forma,SVM (RBF)
100,33,normal,,,3,B,forma,SVM (RBF)
100,34,normal,,,3,B,forma,SVM (RBF)
100,37,normal,,,3,B,forma,SVM (RBF)
100,38,normal,,,3,OR,forma,SVM (RBF)
100,39,normal,,,3,OR,forma,SVM (RBF)
100,40,normal,,,3,OR,forma,SVM (RBF)
100,41,normal,,,3,B,forma,SVM (RBF)
100,42,normal,,,3,B,forma,SVM (RBF)
100,43,normal,,,3,B,forma,SVM (RBF)
100,44,normal,,,3,B,forma,SVM (RBF)
100,45,normal,,,3,B,forma,SVM (RBF)
100,48,normal,,,3,B,forma,SVM (RBF)
100,49,normal,,,3,B,forma,SVM (RBF)
100,50,normal,,,3,B,forma,SVM (RBF)
100,51,normal,,,3,B,forma,SVM (RBF)
100,52,normal,,,3,B,forma,SVM (RBF)
100,53,normal,,,3,B,forma,SVM (RBF)
100,55,normal,,,3,B,forma,SVM (RBF)
100,57,normal,,,3,B,forma,SVM (RBF)
108,41,IR,0.007,,3,B,forma,SVM (RBF)
108,44,IR,0.007,,3,B,forma,SVM (RBF)
121,0,B,0.007,,3,OR,forma,SVM (RBF)
121,3,B,0.007,,3,normal,forma,SVM (RBF)
121,5,B,0.007,,3,normal,forma,SVM (RBF)
121,7,B,0.007,,3,normal,forma,SVM (RBF)
121,9,B,0.007,,3,OR,forma,SVM (RBF)
121,13,B,0.007,,3,normal,forma,SVM (RBF)
121,14,B,0.007,,3,normal,forma,SVM (RBF)
121,15,B,0.007,,3,normal,forma,SVM (RBF)
121,21,B,0.007,,3,OR,forma,SVM (RBF)
121,22,B,0.007,,3,OR,forma,SVM (RBF)
121,23,B,0.007,,3,OR,forma,SVM (RBF)
121,29,B,0.007,,3,OR,forma,SVM (RBF)
121,30,B,0.007,,3,OR,forma,SVM (RBF)
121,31,B,0.007,,3,OR,forma,SVM (RBF)
121,33,B,0.007,,3,OR,forma,SVM (RBF)
121,34,B,0.007,,3,OR,forma,SVM (RBF)
121,40,B,0.007,,3,normal,forma,SVM (RBF)
121,41,B,0.007,,3,OR,forma,SVM (RBF)
121,46,B,0.007,,3,normal,forma,SVM (RBF)
121,47,B,0.007,,3,normal,forma,SVM (RBF)
121,51,B,0.007,,3,normal,forma,SVM (RBF)
121,53,B,0.007,,3,normal,forma,SVM (RBF)
121,56,B,0.007,,3,normal,forma,SVM (RBF)
172,14,IR,0.014,,3,B,forma,SVM (RBF)
172,45,IR,0.014,,3,B,forma,SVM (RBF)
188,16,B,0.014,,3,OR,forma,SVM (RBF)
188,47,B,0.014,,3,OR,forma,SVM (RBF)
188,48,B,0.014,,3,normal,forma,SVM (RBF)
188,50,B,0.014,,3,OR,forma,SVM (RBF)
188,52,B,0.014,,3,OR,forma,SVM (RBF)
188,56,B,0.014,,3,normal,forma,SVM (RBF)
188,57,B,0.014,,3,normal,forma,SVM (RBF)
200,0,OR,0.014,6,3,normal,forma,SVM (RBF)
200,1,OR,0.014,6,3,B,forma,SVM (RBF)
200,3,OR,0.014,6,3,normal,forma,SVM (RBF)
200,4,OR,0.014,6,3,B,forma,SVM (RBF)
200,5,OR,0.014,6,3,B,forma,SVM (RBF)
200,6,OR,0.014,6,3,normal,forma,SVM (RBF)
200,7,OR,0.014,6,3,B,forma,SVM (RBF)
200,8,OR,0.014,6,3,B,forma,SVM (RBF)
200,9,OR,0.014,6,3,B,forma,SVM (RBF)
200,13,OR,0.014,6,3,B,forma,SVM (RBF)
200,14,OR,0.014,6,3,B,forma,SVM (RBF)
200,15,OR,0.014,6,3,B,forma,SVM (RBF)
200,16,OR,0.014,6,3,B,forma,SVM (RBF)
200,17,OR,0.014,6,3,normal,forma,SVM (RBF)
200,18,OR,0.014,6,3,normal,forma,SVM (RBF)
200,19,OR,0.014,6,3,normal,forma,SVM (RBF)
200,20,OR,0.014,6,3,normal,forma,SVM (RBF)
200,22,OR,0.014,6,3,normal,forma,SVM (RBF)
200,23,OR,0.014,6,3,B,forma,SVM (RBF)
200,24,OR,0.014,6,3,B,forma,SVM (RBF)
200,25,OR,0.014,6,3,B,forma,SVM (RBF)
200,26,OR,0.014,6,3,B,forma,SVM (RBF)
200,29,OR,0.014,6,3,B,forma,SVM (RBF)
200,30,OR,0.014,6,3,normal,forma,SVM (RBF)
200,32,OR,0.014,6,3,normal,forma,SVM (RBF)
200,33,OR,0.014,6,3,normal,forma,SVM (RBF)
200,34,OR,0.014,6,3,B,forma,SVM (RBF)
200,35,OR,0.014,6,3,B,forma,SVM (RBF)
200,36,OR,0.014,6,3,B,forma,SVM (RBF)
200,38,OR,0.014,6,3,normal,forma,SVM (RBF)
200,39,OR,0.014,6,3,B,forma,SVM (RBF)
200,40,OR,0.014,6,3,normal,forma,SVM (RBF)
200,41,OR,0.014,6,3,normal,forma,SVM (RBF)
200,43,OR,0.014,6,3,B,forma,SVM (RBF)
200,44,OR,0.014,6,3,B,forma,SVM (RBF)
200,45,OR,0.014,6,3,B,forma,SVM (RBF)
200,46,OR,0.014,6,3,normal,forma,SVM (RBF)
200,47,OR,0.014,6,3,B,forma,SVM (RBF)
200,48,OR,0.014,6,3,B,forma,SVM (RBF)
200,49,OR,0.014,6,3,normal,forma,SVM (RBF)
200,50,OR,0.014,6,3,normal,forma,SVM (RBF)
200,51,OR,0.014,6,3,normal,forma,SVM (RBF)
200,52,OR,0.014,6,3,B,forma,SVM (RBF)
200,54,OR,0.014,6,3,B,forma,SVM (RBF)
200,55,OR,0.014,6,3,normal,forma,SVM (RBF)
200,56,OR,0.014,6,3,normal,forma,SVM (RBF)
200,57,OR,0.014,6,3,B,forma,SVM (RBF)
225,0,B,0.021,,3,OR,forma,SVM (RBF)
225,2,B,0.021,,3,normal,forma,SVM (RBF)
225,3,B,0.021,,3,OR,forma,SVM (RBF)
225,4,B,0.021,,3,OR,forma,SVM (RBF)
225,8,B,0.021,,3,OR,forma,SVM (RBF)
225,10,B,0.021,,3,OR,forma,SVM (RBF)
225,11,B,0.021,,3,OR,forma,SVM (RBF)
225,15,B,0.021,,3,OR,forma,SVM (RBF)
225,27,B,0.021,,3,OR,forma,SVM (RBF)
225,31,B,0.021,,3,OR,forma,SVM (RBF)
225,35,B,0.021,,3,OR,forma,SVM (RBF)
225,38,B,0.021,,3,OR,forma,SVM (RBF)
225,45,B,0.021,,3,OR,forma,SVM (RBF)
225,51,B,0.021,,3,OR,forma,SVM (RBF)
225,52,B,0.021,,3,OR,forma,SVM (RBF)
225,56,B,0.021,,3,OR,forma,SVM (RBF)
225,57,B,0.021,,3,OR,forma,SVM (RBF)
