registro,classe,diametro_pol,carga_hp,acerto,predita_majoritaria,grupo,features,classificador
100,normal,,3,1.0000,normal,,tempo,random_forest
108,IR,0.007,3,1.0000,IR,Y,tempo,random_forest
121,B,0.007,3,1.0000,B,Y,tempo,random_forest
133,OR,0.007,3,1.0000,OR,Y,tempo,random_forest
172,IR,0.014,3,0.7241,IR,Y,tempo,random_forest
188,B,0.014,3,0.9138,B,P,tempo,random_forest
200,OR,0.014,3,0.6897,OR,N,tempo,random_forest
212,IR,0.021,3,1.0000,IR,Y,tempo,random_forest
225,B,0.021,3,1.0000,B,N,tempo,random_forest
237,OR,0.021,3,1.0000,OR,Y,tempo,random_forest
100,normal,,3,1.0000,normal,,tempo,svm
108,IR,0.007,3,1.0000,IR,Y,tempo,svm
121,B,0.007,3,1.0000,B,Y,tempo,svm
133,OR,0.007,3,1.0000,OR,Y,tempo,svm
172,IR,0.014,3,0.8448,IR,Y,tempo,svm
188,B,0.014,3,0.8621,B,P,tempo,svm
200,OR,0.014,3,0.6724,OR,N,tempo,svm
212,IR,0.021,3,1.0000,IR,Y,tempo,svm
225,B,0.021,3,0.9483,B,N,tempo,svm
237,OR,0.021,3,1.0000,OR,Y,tempo,svm
100,normal,,3,0.0000,B,,envelope,random_forest
108,IR,0.007,3,1.0000,IR,Y,envelope,random_forest
121,B,0.007,3,0.5862,B,Y,envelope,random_forest
133,OR,0.007,3,1.0000,OR,Y,envelope,random_forest
172,IR,0.014,3,0.8103,IR,Y,envelope,random_forest
188,B,0.014,3,0.8103,B,P,envelope,random_forest
200,OR,0.014,3,0.2069,B,N,envelope,random_forest
212,IR,0.021,3,1.0000,IR,Y,envelope,random_forest
225,B,0.021,3,0.5517,B,N,envelope,random_forest
237,OR,0.021,3,0.7931,OR,Y,envelope,random_forest
100,normal,,3,0.0690,B,,envelope,svm
108,IR,0.007,3,1.0000,IR,Y,envelope,svm
121,B,0.007,3,0.8276,B,Y,envelope,svm
133,OR,0.007,3,1.0000,OR,Y,envelope,svm
172,IR,0.014,3,0.8621,IR,Y,envelope,svm
188,B,0.014,3,0.4310,normal,P,envelope,svm
200,OR,0.014,3,0.0517,B,N,envelope,svm
212,IR,0.021,3,1.0000,IR,Y,envelope,svm
225,B,0.021,3,0.6034,B,N,envelope,svm
237,OR,0.021,3,0.7586,OR,Y,envelope,svm
100,normal,,3,1.0000,normal,,tempo+envelope,random_forest
108,IR,0.007,3,1.0000,IR,Y,tempo+envelope,random_forest
121,B,0.007,3,1.0000,B,Y,tempo+envelope,random_forest
133,OR,0.007,3,1.0000,OR,Y,tempo+envelope,random_forest
172,IR,0.014,3,0.8966,IR,Y,tempo+envelope,random_forest
188,B,0.014,3,0.9828,B,P,tempo+envelope,random_forest
200,OR,0.014,3,0.6897,OR,N,tempo+envelope,random_forest
212,IR,0.021,3,1.0000,IR,Y,tempo+envelope,random_forest
225,B,0.021,3,1.0000,B,N,tempo+envelope,random_forest
237,OR,0.021,3,1.0000,OR,Y,tempo+envelope,random_forest
100,normal,,3,0.9828,normal,,tempo+envelope,svm
108,IR,0.007,3,1.0000,IR,Y,tempo+envelope,svm
121,B,0.007,3,1.0000,B,Y,tempo+envelope,svm
133,OR,0.007,3,1.0000,OR,Y,tempo+envelope,svm
172,IR,0.014,3,0.9828,IR,Y,tempo+envelope,svm
188,B,0.014,3,0.9138,B,P,tempo+envelope,svm
200,OR,0.014,3,0.6552,OR,N,tempo+envelope,svm
212,IR,0.021,3,1.0000,IR,Y,tempo+envelope,svm
225,B,0.021,3,0.9655,B,N,tempo+envelope,svm
237,OR,0.021,3,0.9655,OR,Y,tempo+envelope,svm
100,normal,,3,0.0517,B,,forma,random_forest
108,IR,0.007,3,0.7288,IR,Y,forma,random_forest
121,B,0.007,3,0.5862,B,Y,forma,random_forest
133,OR,0.007,3,1.0000,OR,Y,forma,random_forest
172,IR,0.014,3,0.9138,IR,Y,forma,random_forest
188,B,0.014,3,0.9655,B,P,forma,random_forest
200,OR,0.014,3,0.2931,B,N,forma,random_forest
212,IR,0.021,3,1.0000,IR,Y,forma,random_forest
225,B,0.021,3,0.5000,B,N,forma,random_forest
237,OR,0.021,3,1.0000,OR,Y,forma,random_forest
100,normal,,3,0.2069,B,,forma,svm
108,IR,0.007,3,0.9153,IR,Y,forma,svm
121,B,0.007,3,0.5862,B,Y,forma,svm
133,OR,0.007,3,1.0000,OR,Y,forma,svm
172,IR,0.014,3,1.0000,IR,Y,forma,svm
188,B,0.014,3,0.8621,B,P,forma,svm
200,OR,0.014,3,0.2069,B,N,forma,svm
212,IR,0.021,3,1.0000,IR,Y,forma,svm
225,B,0.021,3,0.6552,B,N,forma,svm
237,OR,0.021,3,1.0000,OR,Y,forma,svm
