modelo,cv_por_carga,cv_por_carga_desvio,cv_embaralhado,features
Random Forest,0.9711,0.0145,0.9901,tempo
KNN (k=3),0.9602,0.0155,0.9801,tempo
KNN (k=9),0.9483,0.0147,0.9626,tempo
SVM (RBF),0.9024,0.0017,0.9550,tempo
Regressão Logística,0.8294,0.0181,0.8398,tempo
Random Forest,0.7494,0.0265,0.7871,envelope
KNN (k=9),0.7410,0.0212,0.8018,envelope
KNN (k=3),0.7293,0.0152,0.7795,envelope
SVM (RBF),0.7124,0.0191,0.7503,envelope
Regressão Logística,0.6721,0.0188,0.6906,envelope
Random Forest,0.9794,0.0097,0.9942,tempo+envelope
SVM (RBF),0.9237,0.0112,0.9520,tempo+envelope
KNN (k=3),0.9232,0.0165,0.9444,tempo+envelope
KNN (k=9),0.9202,0.0154,0.9357,tempo+envelope
Regressão Logística,0.8621,0.0211,0.8807,tempo+envelope
KNN (k=3),0.8672,0.0062,0.8865,forma
KNN (k=9),0.8651,0.0221,0.8947,forma
Random Forest,0.8595,0.0191,0.9047,forma
SVM (RBF),0.8562,0.0193,0.8596,forma
Regressão Logística,0.8062,0.0225,0.8211,forma
