classe,diametro_pol,acerto,features,classificador
B,0.007,1.0000,tempo,Random Forest
B,0.014,0.9138,tempo,Random Forest
B,0.021,1.0000,tempo,Random Forest
IR,0.007,1.0000,tempo,Random Forest
IR,0.014,0.7241,tempo,Random Forest
IR,0.021,1.0000,tempo,Random Forest
OR,0.007,1.0000,tempo,Random Forest
OR,0.014,0.6897,tempo,Random Forest
OR,0.021,1.0000,tempo,Random Forest
B,0.007,1.0000,tempo,SVM (RBF)
B,0.014,0.8966,tempo,SVM (RBF)
B,0.021,1.0000,tempo,SVM (RBF)
IR,0.007,0.9322,tempo,SVM (RBF)
IR,0.014,0.7586,tempo,SVM (RBF)
IR,0.021,1.0000,tempo,SVM (RBF)
OR,0.007,1.0000,tempo,SVM (RBF)
OR,0.014,0.6897,tempo,SVM (RBF)
OR,0.021,1.0000,tempo,SVM (RBF)
B,0.007,0.5862,envelope,Random Forest
B,0.014,0.8103,envelope,Random Forest
B,0.021,0.5517,envelope,Random Forest
IR,0.007,1.0000,envelope,Random Forest
IR,0.014,0.8103,envelope,Random Forest
IR,0.021,1.0000,envelope,Random Forest
OR,0.007,1.0000,envelope,Random Forest
OR,0.014,0.2069,envelope,Random Forest
OR,0.021,0.7931,envelope,Random Forest
B,0.007,0.7069,envelope,SVM (RBF)
B,0.014,0.5172,envelope,SVM (RBF)
B,0.021,0.5862,envelope,SVM (RBF)
IR,0.007,1.0000,envelope,SVM (RBF)
IR,0.014,0.8966,envelope,SVM (RBF)
IR,0.021,1.0000,envelope,SVM (RBF)
OR,0.007,1.0000,envelope,SVM (RBF)
OR,0.014,0.1724,envelope,SVM (RBF)
OR,0.021,0.7759,envelope,SVM (RBF)
B,0.007,1.0000,tempo+envelope,Random Forest
B,0.014,0.9828,tempo+envelope,Random Forest
B,0.021,1.0000,tempo+envelope,Random Forest
IR,0.007,1.0000,tempo+envelope,Random Forest
IR,0.014,0.9310,tempo+envelope,Random Forest
IR,0.021,1.0000,tempo+envelope,Random Forest
OR,0.007,1.0000,tempo+envelope,Random Forest
OR,0.014,0.6552,tempo+envelope,Random Forest
OR,0.021,1.0000,tempo+envelope,Random Forest
B,0.007,1.0000,tempo+envelope,SVM (RBF)
B,0.014,0.9138,tempo+envelope,SVM (RBF)
B,0.021,0.9828,tempo+envelope,SVM (RBF)
IR,0.007,1.0000,tempo+envelope,SVM (RBF)
IR,0.014,0.9828,tempo+envelope,SVM (RBF)
IR,0.021,1.0000,tempo+envelope,SVM (RBF)
OR,0.007,1.0000,tempo+envelope,SVM (RBF)
OR,0.014,0.6552,tempo+envelope,SVM (RBF)
OR,0.021,0.9655,tempo+envelope,SVM (RBF)
B,0.007,0.5517,forma,Random Forest
B,0.014,0.9828,forma,Random Forest
B,0.021,0.4655,forma,Random Forest
IR,0.007,0.2203,forma,Random Forest
IR,0.014,0.9483,forma,Random Forest
IR,0.021,1.0000,forma,Random Forest
OR,0.007,1.0000,forma,Random Forest
OR,0.014,0.3103,forma,Random Forest
OR,0.021,1.0000,forma,Random Forest
B,0.007,0.6034,forma,SVM (RBF)
B,0.014,0.8793,forma,SVM (RBF)
B,0.021,0.7069,forma,SVM (RBF)
IR,0.007,0.9661,forma,SVM (RBF)
IR,0.014,0.9655,forma,SVM (RBF)
IR,0.021,1.0000,forma,SVM (RBF)
OR,0.007,1.0000,forma,SVM (RBF)
OR,0.014,0.1897,forma,SVM (RBF)
OR,0.021,1.0000,forma,SVM (RBF)
