registro,classe,diametro_pol,posicao_or_h,carga_hp,janelas,taxa_alarme,m1,grupo,features,detector
100,normal,,,3,58,0.0345,,,tempo,mahalanobis
108,IR,0.007,,3,59,1.0000,Y2,Y,tempo,mahalanobis
121,B,0.007,,3,58,1.0000,N1,Y,tempo,mahalanobis
133,OR,0.007,6,3,58,1.0000,Y1,Y,tempo,mahalanobis
172,IR,0.014,,3,58,1.0000,Y2,Y,tempo,mahalanobis
188,B,0.014,,3,58,1.0000,P2,P,tempo,mahalanobis
200,OR,0.014,6,3,58,1.0000,N1,N,tempo,mahalanobis
212,IR,0.021,,3,58,1.0000,Y1,Y,tempo,mahalanobis
225,B,0.021,,3,58,1.0000,N1,N,tempo,mahalanobis
237,OR,0.021,6,3,58,1.0000,Y2,Y,tempo,mahalanobis
100,normal,,,3,58,0.0000,,,tempo,isolation_forest
108,IR,0.007,,3,59,1.0000,Y2,Y,tempo,isolation_forest
121,B,0.007,,3,58,0.0517,N1,Y,tempo,isolation_forest
133,OR,0.007,6,3,58,1.0000,Y1,Y,tempo,isolation_forest
172,IR,0.014,,3,58,1.0000,Y2,Y,tempo,isolation_forest
188,B,0.014,,3,58,1.0000,P2,P,tempo,isolation_forest
200,OR,0.014,6,3,58,0.5862,N1,N,tempo,isolation_forest
212,IR,0.021,,3,58,1.0000,Y1,Y,tempo,isolation_forest
225,B,0.021,,3,58,0.3448,N1,N,tempo,isolation_forest
237,OR,0.021,6,3,58,1.0000,Y2,Y,tempo,isolation_forest
100,normal,,,3,58,0.2931,,,tempo,ocsvm
108,IR,0.007,,3,59,1.0000,Y2,Y,tempo,ocsvm
121,B,0.007,,3,58,1.0000,N1,Y,tempo,ocsvm
133,OR,0.007,6,3,58,1.0000,Y1,Y,tempo,ocsvm
172,IR,0.014,,3,58,1.0000,Y2,Y,tempo,ocsvm
188,B,0.014,,3,58,1.0000,P2,P,tempo,ocsvm
200,OR,0.014,6,3,58,1.0000,N1,N,tempo,ocsvm
212,IR,0.021,,3,58,1.0000,Y1,Y,tempo,ocsvm
225,B,0.021,,3,58,1.0000,N1,N,tempo,ocsvm
237,OR,0.021,6,3,58,1.0000,Y2,Y,tempo,ocsvm
100,normal,,,3,58,0.0000,,,tempo,autoencoder
108,IR,0.007,,3,59,1.0000,Y2,Y,tempo,autoencoder
121,B,0.007,,3,58,1.0000,N1,Y,tempo,autoencoder
133,OR,0.007,6,3,58,1.0000,Y1,Y,tempo,autoencoder
172,IR,0.014,,3,58,1.0000,Y2,Y,tempo,autoencoder
188,B,0.014,,3,58,1.0000,P2,P,tempo,autoencoder
200,OR,0.014,6,3,58,1.0000,N1,N,tempo,autoencoder
212,IR,0.021,,3,58,1.0000,Y1,Y,tempo,autoencoder
225,B,0.021,,3,58,1.0000,N1,N,tempo,autoencoder
237,OR,0.021,6,3,58,1.0000,Y2,Y,tempo,autoencoder
100,normal,,,3,58,0.1379,,,envelope,mahalanobis
108,IR,0.007,,3,59,1.0000,Y2,Y,envelope,mahalanobis
121,B,0.007,,3,58,0.1207,N1,Y,envelope,mahalanobis
133,OR,0.007,6,3,58,1.0000,Y1,Y,envelope,mahalanobis
172,IR,0.014,,3,58,0.3448,Y2,Y,envelope,mahalanobis
188,B,0.014,,3,58,0.0000,P2,P,envelope,mahalanobis
200,OR,0.014,6,3,58,0.0517,N1,N,envelope,mahalanobis
212,IR,0.021,,3,58,1.0000,Y1,Y,envelope,mahalanobis
225,B,0.021,,3,58,0.7586,N1,N,envelope,mahalanobis
237,OR,0.021,6,3,58,0.8966,Y2,Y,envelope,mahalanobis
100,normal,,,3,58,0.0862,,,envelope,isolation_forest
108,IR,0.007,,3,59,0.5254,Y2,Y,envelope,isolation_forest
121,B,0.007,,3,58,0.0690,N1,Y,envelope,isolation_forest
133,OR,0.007,6,3,58,1.0000,Y1,Y,envelope,isolation_forest
172,IR,0.014,,3,58,0.2586,Y2,Y,envelope,isolation_forest
188,B,0.014,,3,58,0.0000,P2,P,envelope,isolation_forest
200,OR,0.014,6,3,58,0.0172,N1,N,envelope,isolation_forest
212,IR,0.021,,3,58,0.7241,Y1,Y,envelope,isolation_forest
225,B,0.021,,3,58,0.5690,N1,N,envelope,isolation_forest
237,OR,0.021,6,3,58,0.7414,Y2,Y,envelope,isolation_forest
100,normal,,,3,58,0.5000,,,envelope,ocsvm
108,IR,0.007,,3,59,1.0000,Y2,Y,envelope,ocsvm
121,B,0.007,,3,58,0.5345,N1,Y,envelope,ocsvm
133,OR,0.007,6,3,58,1.0000,Y1,Y,envelope,ocsvm
172,IR,0.014,,3,58,0.9310,Y2,Y,envelope,ocsvm
188,B,0.014,,3,58,0.1379,P2,P,envelope,ocsvm
200,OR,0.014,6,3,58,0.2241,N1,N,envelope,ocsvm
212,IR,0.021,,3,58,1.0000,Y1,Y,envelope,ocsvm
225,B,0.021,,3,58,1.0000,N1,N,envelope,ocsvm
237,OR,0.021,6,3,58,1.0000,Y2,Y,envelope,ocsvm
100,normal,,,3,58,0.0345,,,envelope,autoencoder
108,IR,0.007,,3,59,1.0000,Y2,Y,envelope,autoencoder
121,B,0.007,,3,58,0.0172,N1,Y,envelope,autoencoder
133,OR,0.007,6,3,58,1.0000,Y1,Y,envelope,autoencoder
172,IR,0.014,,3,58,0.5000,Y2,Y,envelope,autoencoder
188,B,0.014,,3,58,0.0172,P2,P,envelope,autoencoder
200,OR,0.014,6,3,58,0.0345,N1,N,envelope,autoencoder
212,IR,0.021,,3,58,1.0000,Y1,Y,envelope,autoencoder
225,B,0.021,,3,58,0.8103,N1,N,envelope,autoencoder
237,OR,0.021,6,3,58,0.5172,Y2,Y,envelope,autoencoder
100,normal,,,3,58,0.1207,,,tempo+envelope,mahalanobis
108,IR,0.007,,3,59,1.0000,Y2,Y,tempo+envelope,mahalanobis
121,B,0.007,,3,58,1.0000,N1,Y,tempo+envelope,mahalanobis
133,OR,0.007,6,3,58,1.0000,Y1,Y,tempo+envelope,mahalanobis
172,IR,0.014,,3,58,1.0000,Y2,Y,tempo+envelope,mahalanobis
188,B,0.014,,3,58,1.0000,P2,P,tempo+envelope,mahalanobis
200,OR,0.014,6,3,58,1.0000,N1,N,tempo+envelope,mahalanobis
212,IR,0.021,,3,58,1.0000,Y1,Y,tempo+envelope,mahalanobis
225,B,0.021,,3,58,1.0000,N1,N,tempo+envelope,mahalanobis
237,OR,0.021,6,3,58,1.0000,Y2,Y,tempo+envelope,mahalanobis
100,normal,,,3,58,0.0690,,,tempo+envelope,isolation_forest
108,IR,0.007,,3,59,1.0000,Y2,Y,tempo+envelope,isolation_forest
121,B,0.007,,3,58,0.5517,N1,Y,tempo+envelope,isolation_forest
133,OR,0.007,6,3,58,1.0000,Y1,Y,tempo+envelope,isolation_forest
172,IR,0.014,,3,58,1.0000,Y2,Y,tempo+envelope,isolation_forest
188,B,0.014,,3,58,1.0000,P2,P,tempo+envelope,isolation_forest
200,OR,0.014,6,3,58,0.5862,N1,N,tempo+envelope,isolation_forest
212,IR,0.021,,3,58,1.0000,Y1,Y,tempo+envelope,isolation_forest
225,B,0.021,,3,58,0.9828,N1,N,tempo+envelope,isolation_forest
237,OR,0.021,6,3,58,1.0000,Y2,Y,tempo+envelope,isolation_forest
100,normal,,,3,58,0.8103,,,tempo+envelope,ocsvm
108,IR,0.007,,3,59,1.0000,Y2,Y,tempo+envelope,ocsvm
121,B,0.007,,3,58,1.0000,N1,Y,tempo+envelope,ocsvm
133,OR,0.007,6,3,58,1.0000,Y1,Y,tempo+envelope,ocsvm
172,IR,0.014,,3,58,1.0000,Y2,Y,tempo+envelope,ocsvm
188,B,0.014,,3,58,1.0000,P2,P,tempo+envelope,ocsvm
200,OR,0.014,6,3,58,1.0000,N1,N,tempo+envelope,ocsvm
212,IR,0.021,,3,58,1.0000,Y1,Y,tempo+envelope,ocsvm
225,B,0.021,,3,58,1.0000,N1,N,tempo+envelope,ocsvm
237,OR,0.021,6,3,58,1.0000,Y2,Y,tempo+envelope,ocsvm
100,normal,,,3,58,0.1724,,,tempo+envelope,autoencoder
108,IR,0.007,,3,59,1.0000,Y2,Y,tempo+envelope,autoencoder
121,B,0.007,,3,58,1.0000,N1,Y,tempo+envelope,autoencoder
133,OR,0.007,6,3,58,1.0000,Y1,Y,tempo+envelope,autoencoder
172,IR,0.014,,3,58,1.0000,Y2,Y,tempo+envelope,autoencoder
188,B,0.014,,3,58,1.0000,P2,P,tempo+envelope,autoencoder
200,OR,0.014,6,3,58,1.0000,N1,N,tempo+envelope,autoencoder
212,IR,0.021,,3,58,1.0000,Y1,Y,tempo+envelope,autoencoder
225,B,0.021,,3,58,1.0000,N1,N,tempo+envelope,autoencoder
237,OR,0.021,6,3,58,1.0000,Y2,Y,tempo+envelope,autoencoder
100,normal,,,3,58,0.2414,,,forma,mahalanobis
108,IR,0.007,,3,59,1.0000,Y2,Y,forma,mahalanobis
121,B,0.007,,3,58,0.1034,N1,Y,forma,mahalanobis
133,OR,0.007,6,3,58,1.0000,Y1,Y,forma,mahalanobis
172,IR,0.014,,3,58,1.0000,Y2,Y,forma,mahalanobis
188,B,0.014,,3,58,1.0000,P2,P,forma,mahalanobis
200,OR,0.014,6,3,58,0.4310,N1,N,forma,mahalanobis
212,IR,0.021,,3,58,1.0000,Y1,Y,forma,mahalanobis
225,B,0.021,,3,58,0.9138,N1,N,forma,mahalanobis
237,OR,0.021,6,3,58,1.0000,Y2,Y,forma,mahalanobis
100,normal,,,3,58,0.1552,,,forma,isolation_forest
108,IR,0.007,,3,59,0.9831,Y2,Y,forma,isolation_forest
121,B,0.007,,3,58,0.0517,N1,Y,forma,isolation_forest
133,OR,0.007,6,3,58,1.0000,Y1,Y,forma,isolation_forest
172,IR,0.014,,3,58,1.0000,Y2,Y,forma,isolation_forest
188,B,0.014,,3,58,0.9483,P2,P,forma,isolation_forest
200,OR,0.014,6,3,58,0.3276,N1,N,forma,isolation_forest
212,IR,0.021,,3,58,1.0000,Y1,Y,forma,isolation_forest
225,B,0.021,,3,58,0.5517,N1,N,forma,isolation_forest
237,OR,0.021,6,3,58,1.0000,Y2,Y,forma,isolation_forest
100,normal,,,3,58,0.7586,,,forma,ocsvm
108,IR,0.007,,3,59,1.0000,Y2,Y,forma,ocsvm
121,B,0.007,,3,58,0.4655,N1,Y,forma,ocsvm
133,OR,0.007,6,3,58,1.0000,Y1,Y,forma,ocsvm
172,IR,0.014,,3,58,1.0000,Y2,Y,forma,ocsvm
188,B,0.014,,3,58,1.0000,P2,P,forma,ocsvm
200,OR,0.014,6,3,58,0.7241,N1,N,forma,ocsvm
212,IR,0.021,,3,58,1.0000,Y1,Y,forma,ocsvm
225,B,0.021,,3,58,1.0000,N1,N,forma,ocsvm
237,OR,0.021,6,3,58,1.0000,Y2,Y,forma,ocsvm
100,normal,,,3,58,0.3966,,,forma,autoencoder
108,IR,0.007,,3,59,1.0000,Y2,Y,forma,autoencoder
121,B,0.007,,3,58,0.0862,N1,Y,forma,autoencoder
133,OR,0.007,6,3,58,1.0000,Y1,Y,forma,autoencoder
172,IR,0.014,,3,58,1.0000,Y2,Y,forma,autoencoder
188,B,0.014,,3,58,1.0000,P2,P,forma,autoencoder
200,OR,0.014,6,3,58,0.4138,N1,N,forma,autoencoder
212,IR,0.021,,3,58,1.0000,Y1,Y,forma,autoencoder
225,B,0.021,,3,58,0.7586,N1,N,forma,autoencoder
237,OR,0.021,6,3,58,1.0000,Y2,Y,forma,autoencoder
