registro,classe,diametro_pol,carga_hp,fracao_antes,fracao_depois
97,normal,,0,0.0013195491944398823,0.00025395083985070213
98,normal,,1,0.001961602615202112,0.00038785175540269334
99,normal,,2,0.0038882387968352567,0.0005090327970860416
100,normal,,3,0.009338640816200625,0.00043944163824230926
105,IR,0.007,0,0.0029982107335347237,0.0008268355729109294
106,IR,0.007,1,0.0022263182750733,0.000403211402808868
107,IR,0.007,2,0.002052477349265752,0.00036020515421364917
108,IR,0.007,3,0.0018202603903469494,0.00029411036094694094
118,B,0.007,0,0.0005952212534562735,4.8480183552257625e-05
119,B,0.007,1,0.0005615530567214525,4.0587311564713844e-05
120,B,0.007,2,0.0006674733979488625,3.5527241603615905e-05
121,B,0.007,3,0.000454250015522007,2.0981522669209194e-05
130,OR,0.007,0,0.007954115703470268,4.193212916653295e-05
131,OR,0.007,1,0.01235861462770866,8.20601156392296e-05
132,OR,0.007,2,0.012826266090563468,9.096489646542057e-05
133,OR,0.007,3,0.012126523048089024,8.72365660276929e-05
169,IR,0.014,0,0.0032784752151164957,0.00018546855091703762
170,IR,0.014,1,0.0032696492919515197,0.00014284556418362525
171,IR,0.014,2,0.0028222876834727404,0.00011692459532416954
172,IR,0.014,3,0.0021074962324943687,0.000163110237251731
185,B,0.014,0,0.001068187659773977,9.170942047169055e-05
186,B,0.014,1,0.0010570366841931886,7.388189841699983e-05
187,B,0.014,2,0.0016821365793833385,0.0001240198770644492
188,B,0.014,3,0.0020528177997020986,0.0001493137598552054
197,OR,0.014,0,0.04421199461329956,0.00011811881879509626
198,OR,0.014,1,0.054649133103849716,0.00013616941412165025
199,OR,0.014,2,0.0421479684323404,9.022909480297381e-05
200,OR,0.014,3,0.04047883237300948,0.00011697098770428736
209,IR,0.021,0,0.000938574003102012,0.00012163976629523298
210,IR,0.021,1,0.0007870599220521935,9.908771783663919e-05
211,IR,0.021,2,0.0005774877147736785,5.157533863087326e-05
212,IR,0.021,3,0.0007533130697536021,5.167144737353519e-05
222,B,0.021,0,0.0038136246126434965,0.0002725181974777074
223,B,0.021,1,0.009894192559740257,0.0004433154654896572
224,B,0.021,2,0.022169423047898477,0.0003944366176355299
225,B,0.021,3,0.011950217624570382,0.00027978478248249936
234,OR,0.021,0,0.0010184616662869907,0.00019021633872310888
235,OR,0.021,1,0.001055693039222133,0.0001885859222675584
236,OR,0.021,2,0.0010840018840211896,0.00014693236209274843
237,OR,0.021,3,0.0012311794849778521,0.00014279348296498091
