arquivo,id,classe,diametro_pol,posicao_or_h,carga_hp,rpm_nominal,rpm_arquivo,variavel_de,n_amostras_de,fs_hz,duracao_s,sha256,url
97.mat,97,normal,,,0,1797,1796,X097_DE_time,243938,48000,5.08,16bf48babcf1c7ac224bc1a81cd9eafdb27e42d5cf559761907e067e8eeadf3c,https://engineering.case.edu/sites/default/files/97.mat
98.mat,98,normal,,,1,1772,,X098_DE_time,483903,48000,10.08,37e6612c05e65c415dcfa2ab27a3fda648a5863160fa898b884a14743044e045,https://engineering.case.edu/sites/default/files/98.mat
99.mat,99,normal,,,2,1750,,X099_DE_time,485063,48000,10.11,4b97e6b5361f45efb6951dc3b1aebcdb3b89cb69d0f96d6f5c297dd9f45eee75,https://engineering.case.edu/sites/default/files/99.mat
100.mat,100,normal,,,3,1730,1725,X100_DE_time,485643,48000,10.12,88a5990cb541320e91505a1d72139e1993500ffe6e292a451011667f4138ca78,https://engineering.case.edu/sites/default/files/100.mat
105.mat,105,IR,0.007,,0,1797,1797,X105_DE_time,121265,12000,10.11,f80b0ea04fd06b372a0eaec7c056543ea37e4bb4727a5b173d2a5bacd2aa9cab,https://engineering.case.edu/sites/default/files/105.mat
106.mat,106,IR,0.007,,1,1772,1772,X106_DE_time,121991,12000,10.17,e5cec7cdd138e6cd1deb9ed8634e5aaa9bc1bd7094ddc075bff606580eb6e883,https://engineering.case.edu/sites/default/files/106.mat
107.mat,107,IR,0.007,,2,1750,1748,X107_DE_time,122136,12000,10.18,111ba8996a115684661a13c913bd74d8029a59294492f88aec7b03e175fdd388,https://engineering.case.edu/sites/default/files/107.mat
108.mat,108,IR,0.007,,3,1730,1721,X108_DE_time,122917,12000,10.24,d415f0e65128bfa0b118c2051c988fb0dc6ce3e4c8aa45fdc5ad1d0967462e7d,https://engineering.case.edu/sites/default/files/108.mat
118.mat,118,B,0.007,,0,1797,1796,X118_DE_time,122571,12000,10.21,b00628f8dd8d1d930af77fa465d1e5cdb385fe259489053f91f3680bda7f640e,https://engineering.case.edu/sites/default/files/118.mat
119.mat,119,B,0.007,,1,1772,1772,X119_DE_time,121410,12000,10.12,bc72d9df7668219e004a0f711232b23ec0aed393eb9bd8f9f5483426f6b51330,https://engineering.case.edu/sites/default/files/119.mat
120.mat,120,B,0.007,,2,1750,1748,X120_DE_time,121556,12000,10.13,e0b7a584c49af52335ff0904a97d4afcf02d045625c582de63a7c85ce10b489c,https://engineering.case.edu/sites/default/files/120.mat
121.mat,121,B,0.007,,3,1730,1722,X121_DE_time,121556,12000,10.13,52f686e984ba8e9b04a047a57416271cdb322cee57ee105dce58926a24b966cb,https://engineering.case.edu/sites/default/files/121.mat
130.mat,130,OR,0.007,6,0,1797,1796,X130_DE_time,121991,12000,10.17,35a095307d0971477049b343a1b5981dde465a58fb7f233ad89b035068c1717d,https://engineering.case.edu/sites/default/files/130.mat
131.mat,131,OR,0.007,6,1,1772,1773,X131_DE_time,122426,12000,10.2,7883f7b83beadc54b2f301767f9145ce07055707182fb0278fdf0a6bb53ce3cb,https://engineering.case.edu/sites/default/files/131.mat
132.mat,132,OR,0.007,6,2,1750,1750,X132_DE_time,121410,12000,10.12,17a69ed5d2270b42532e678e35bbe2fa04a2cc413cf2bf9e88c7692de8662d18,https://engineering.case.edu/sites/default/files/132.mat
133.mat,133,OR,0.007,6,3,1730,1725,X133_DE_time,122571,12000,10.21,53f076cb0d905cf46bffaee7736abce8224ffed777deed03c0c863d762a90c71,https://engineering.case.edu/sites/default/files/133.mat
144.mat,144,OR,0.007,3,0,1797,1797,X144_DE_time,122281,12000,10.19,f1f51d8c3b66e90fcdd8de15be95c2d4d3e9bac018dbba57f3006e930eec6b22,https://engineering.case.edu/sites/default/files/144.mat
145.mat,145,OR,0.007,3,1,1772,1774,X145_DE_time,121846,12000,10.15,2ea3b3e021ec0024a6b85573035e4ca76856180c875fed7740a2ee7216ad84a2,https://engineering.case.edu/sites/default/files/145.mat
146.mat,146,OR,0.007,3,2,1750,1751,X146_DE_time,121556,12000,10.13,1be984f637243ce8e0bf801a6a82b0b024abd6d0f71aa9d759330ccc898d7b7b,https://engineering.case.edu/sites/default/files/146.mat
147.mat,147,OR,0.007,3,3,1730,1725,X147_DE_time,122281,12000,10.19,cb8a4440866359a664200b5cf774c567accdbf12a56a4854d137a4638cfe43fb,https://engineering.case.edu/sites/default/files/147.mat
156.mat,156,OR,0.007,12,0,1797,1797,X156_DE_time,122281,12000,10.19,d6ebef8850c114f136018381f6d3fa1c700073a784fffac72c0c8a3e21a227e3,https://engineering.case.edu/sites/default/files/156.mat
158.mat,158,OR,0.007,12,1,1772,1773,X158_DE_time,121991,12000,10.17,9ca1d5954e2ab970d3e8e87d069a1a468151f177071b4b7dc6f9ca1acfd0dfcd,https://engineering.case.edu/sites/default/files/158.mat
159.mat,159,OR,0.007,12,2,1750,1750,X159_DE_time,122281,12000,10.19,a0544e211cda781e06c70a29fbbc34ff871625dd9929917cfb5367b8bc59d236,https://engineering.case.edu/sites/default/files/159.mat
160.mat,160,OR,0.007,12,3,1730,1724,X160_DE_time,122136,12000,10.18,e3385b0ba00274a35405205622b9513cbd0b2a3e62116d50adf477a1def0e8d2,https://engineering.case.edu/sites/default/files/160.mat
169.mat,169,IR,0.014,,0,1797,1796,X169_DE_time,121846,12000,10.15,f5448673725c4ea2735fe7d3fe4b16ad82b217eac6b62c4bf351c4549b0a5229,https://engineering.case.edu/sites/default/files/169.mat
170.mat,170,IR,0.014,,1,1772,1774,X170_DE_time,121846,12000,10.15,bcb73a5208b67265468232a2e342f53719850901671d0ee28494f3af97621f46,https://engineering.case.edu/sites/default/files/170.mat
171.mat,171,IR,0.014,,2,1750,1752,X171_DE_time,121846,12000,10.15,63d0fdc1a68e64610ddfaf56a9c224d6137ab7b5c0d318eea1d542b9e5ffc029,https://engineering.case.edu/sites/default/files/171.mat
172.mat,172,IR,0.014,,3,1730,1728,X172_DE_time,121701,12000,10.14,f75170ceef70d5da475671de0d2e52a0acd9b3883ad422b6deaf2907d888ba24,https://engineering.case.edu/sites/default/files/172.mat
185.mat,185,B,0.014,,0,1797,1796,X185_DE_time,121846,12000,10.15,5bea2c60f177215ba3ec4ae287faf745d7e14aed1a12efe9e37b27c27044bafc,https://engineering.case.edu/sites/default/files/185.mat
186.mat,186,B,0.014,,1,1772,1772,X186_DE_time,122136,12000,10.18,1b3b6f3ad38e891feaa8026fe957b34f62f9082785089cc74f6878acdfe88ec5,https://engineering.case.edu/sites/default/files/186.mat
187.mat,187,B,0.014,,2,1750,1749,X187_DE_time,121991,12000,10.17,0f1338cce89beb5c8d8e5e154579bc576354e7c7d1617ebd1759662c6f3100b2,https://engineering.case.edu/sites/default/files/187.mat
188.mat,188,B,0.014,,3,1730,1724,X188_DE_time,122136,12000,10.18,1981614324d653c2522bea68fd4fd87e337495b117d12596db67abd1e10e7443,https://engineering.case.edu/sites/default/files/188.mat
197.mat,197,OR,0.014,6,0,1797,1796,X197_DE_time,121846,12000,10.15,fa571b47cd942f9514a920b403fb7c053cd442bb2963a360a96d0f61432f03e9,https://engineering.case.edu/sites/default/files/197.mat
198.mat,198,OR,0.014,6,1,1772,1772,X198_DE_time,122136,12000,10.18,dbd58e4585ca8f8332c708b15936987ec0990ca701359fd2483dae2719df5b49,https://engineering.case.edu/sites/default/files/198.mat
199.mat,199,OR,0.014,6,2,1750,1749,X199_DE_time,121846,12000,10.15,ca4e6407fdb68845a6973da6028477911a62d018580063749fe956441be95cf2,https://engineering.case.edu/sites/default/files/199.mat
200.mat,200,OR,0.014,6,3,1730,1723,X200_DE_time,121991,12000,10.17,2526483d2701220a700df8e6c9db0c527641b0887225907f4096610dd7120f4b,https://engineering.case.edu/sites/default/files/200.mat
209.mat,209,IR,0.021,,0,1797,1797,X209_DE_time,122136,12000,10.18,9f723d6d9d2eba714c6dc50f99321dffa73d8b1e4d3605675b2c2251511eff80,https://engineering.case.edu/sites/default/files/209.mat
210.mat,210,IR,0.021,,1,1772,1774,X210_DE_time,121556,12000,10.13,596692397e77e129a00f7b7a61c4c3ffd6c7a59979b89039e7f70a7431cce1c7,https://engineering.case.edu/sites/default/files/210.mat
211.mat,211,IR,0.021,,2,1750,1752,X211_DE_time,121846,12000,10.15,8296a02ee489c2d16cbd9fc278ca2e29b22475cec70ebe840558c78b6b743dc1,https://engineering.case.edu/sites/default/files/211.mat
212.mat,212,IR,0.021,,3,1730,1728,X212_DE_time,121991,12000,10.17,bfe13761f545a26b217db897a12d27e16fec74306aa86ade8dbdc8ebe587c253,https://engineering.case.edu/sites/default/files/212.mat
222.mat,222,B,0.021,,0,1797,1796,X222_DE_time,121991,12000,10.17,fcc0ee740fa123b1f4683f555458891719efb2857afd9fdee63e8fde0ed14469,https://engineering.case.edu/sites/default/files/222.mat
223.mat,223,B,0.021,,1,1772,1774,X223_DE_time,121701,12000,10.14,7287410fd2217e3b332c5ab4732a68963be046d7d17bd40efa41cabe6a0514e5,https://engineering.case.edu/sites/default/files/223.mat
224.mat,224,B,0.021,,2,1750,1754,X224_DE_time,122136,12000,10.18,8a16894c2ff4d6bcdb9f4c345c0d5f13737b3bd6d15015d6b566c86e7a3ee7b7,https://engineering.case.edu/sites/default/files/224.mat
225.mat,225,B,0.021,,3,1730,1729,X225_DE_time,122136,12000,10.18,ece92fa141af03473fdfca80d00d9112472a20340224514e79979c6ddc97a6cf,https://engineering.case.edu/sites/default/files/225.mat
234.mat,234,OR,0.021,6,0,1797,1796,X234_DE_time,122426,12000,10.2,ebcbdb96612e8085bbdbf81f0e5e8e8a8d1a693d1ec559c4894f7792771aa9b2,https://engineering.case.edu/sites/default/files/234.mat
235.mat,235,OR,0.021,6,1,1772,1771,X235_DE_time,121991,12000,10.17,667e4bf1f213f92d10dca71d494ad002d8fd22bfd8004b31a4c71ccf0d764b66,https://engineering.case.edu/sites/default/files/235.mat
236.mat,236,OR,0.021,6,2,1750,1748,X236_DE_time,122281,12000,10.19,c411d6d9826cba8073430555dc833e05fcbe4c38535f3eb7f03c525ea6797589,https://engineering.case.edu/sites/default/files/236.mat
237.mat,237,OR,0.021,6,3,1730,1721,X237_DE_time,121991,12000,10.17,233d1edb2daa963658369119e389e30f02aca551dd7bb028ab33e7ba63edfd20,https://engineering.case.edu/sites/default/files/237.mat
246.mat,246,OR,0.021,3,0,1797,1796,X246_DE_time,121701,12000,10.14,9e02c5e5785f51cc9a60bf31ccb14e6869ff7d452e4aedefa325aa8a6d9da4e9,https://engineering.case.edu/sites/default/files/246.mat
247.mat,247,OR,0.021,3,1,1772,1771,X247_DE_time,121991,12000,10.17,83ed7f952bd0e1c412ca490e1757a36c4f91ffdef75ce359daaeec4a5b0466fa,https://engineering.case.edu/sites/default/files/247.mat
248.mat,248,OR,0.021,3,2,1750,1747,X248_DE_time,122281,12000,10.19,d3418e8f9884493548bdddb5406f84a4fd0e73ec153b8f3dfd4633525685ff10,https://engineering.case.edu/sites/default/files/248.mat
249.mat,249,OR,0.021,3,3,1730,1719,X249_DE_time,122136,12000,10.18,2468c6faf7d93483ffba1f2a10b17820f024d5a34037256e7ee38dfde541e974,https://engineering.case.edu/sites/default/files/249.mat
258.mat,258,OR,0.021,12,0,1797,1796,X258_DE_time,121846,12000,10.15,0b9c84acca45c3ee6ecbd697eb186a903293809625fda231a18da8c588e34383,https://engineering.case.edu/sites/default/files/258.mat
259.mat,259,OR,0.021,12,1,1772,1771,X259_DE_time,122426,12000,10.2,7d9f99e3a85d10d9c9548d09a2990f5dd35dd8a634d2f71ac1192a03ffadf1f2,https://engineering.case.edu/sites/default/files/259.mat
260.mat,260,OR,0.021,12,2,1750,1746,X260_DE_time,122716,12000,10.23,75b92225df9bdc8053809d9732fec4a5eac27e770bb78f9796998f8b7f6a15df,https://engineering.case.edu/sites/default/files/260.mat
261.mat,261,OR,0.021,12,3,1730,1718,X261_DE_time,121701,12000,10.14,d89e31d7ba9f08e183e9acdea10f814a89837e38e6762a7dde4d871a976437a1,https://engineering.case.edu/sites/default/files/261.mat
